10,1,1.01,1.02,1.03,1.04,1.05,1.06,1.07,1.08,1.09,,,,,,,,,,,,,,,,,,,,,,,,,,,,,,,,,,,,,,,,
10,2,1,1,1,1,2,1,1,1,1,,,,,,,,,,,,,,,,,,,,,,,,,,,,,,,,,,,,,,,,
10,1.1,1.11,1.12,1.13,1.14,1.15,1.16,1.17,1.18,1.19,,,,,,,,,,,,,,,,,,,,,,,,,,,,,,,,,,,,,,,,
10,2,1,1,1,1,2,1,1,1,1,,,,,,,,,,,,,,,,,,,,,,,,,,,,,,,,,,,,,,,,
10,1.2,1.21,1.22,1.23,1.24,1.25,1.26,1.27,1.28,1.29,,,,,,,,,,,,,,,,,,,,,,,,,,,,,,,,,,,,,,,,
10,2,1,1,1,1,2,1,1,1,1,,,,,,,,,,,,,,,,,,,,,,,,,,,,,,,,,,,,,,,,
10,1.3,1.31,1.32,1.33,1.34,1.35,1.36,1.37,1.38,1.39,,,,,,,,,,,,,,,,,,,,,,,,,,,,,,,,,,,,,,,,
10,2,1,1,1,1,2,1,1,1,1,,,,,,,,,,,,,,,,,,,,,,,,,,,,,,,,,,,,,,,,
10,1.4,1.41,1.42,1.43,1.44,1.45,1.46,1.47,1.48,1.49,,,,,,,,,,,,,,,,,,,,,,,,,,,,,,,,,,,,,,,,
10,2,1,1,1,1,2,1,1,1,1,,,,,,,,,,,,,,,,,,,,,,,,,,,,,,,,,,,,,,,,
10,1.5,1.51,1.52,1.53,1.54,1.55,1.56,1.57,1.58,1.59,,,,,,,,,,,,,,,,,,,,,,,,,,,,,,,,,,,,,,,,
10,2,1,1,1,1,2,1,1,1,1,,,,,,,,,,,,,,,,,,,,,,,,,,,,,,,,,,,,,,,,
10,1.6,1.61,1.62,1.63,1.64,1.65,1.66,1.67,1.68,1.69,,,,,,,,,,,,,,,,,,,,,,,,,,,,,,,,,,,,,,,,
10,2,1,1,1,1,2,1,1,1,1,,,,,,,,,,,,,,,,,,,,,,,,,,,,,,,,,,,,,,,,
10,1.7,1.71,1.72,1.73,1.74,1.75,1.76,1.77,1.78,1.79,,,,,,,,,,,,,,,,,,,,,,,,,,,,,,,,,,,,,,,,
10,2,1,1,1,1,2,1,1,1,1,,,,,,,,,,,,,,,,,,,,,,,,,,,,,,,,,,,,,,,,
10,1.8,1.81,1.82,1.83,1.84,1.85,1.86,1.87,1.88,1.89,,,,,,,,,,,,,,,,,,,,,,,,,,,,,,,,,,,,,,,,
10,2,1,1,1,1,2,1,1,1,1,,,,,,,,,,,,,,,,,,,,,,,,,,,,,,,,,,,,,,,,
10,1.9,1.91,1.92,1.93,1.94,1.95,1.96,1.97,1.98,1.99,,,,,,,,,,,,,,,,,,,,,,,,,,,,,,,,,,,,,,,,
10,2,1,1,1,1,2,1,1,1,1,,,,,,,,,,,,,,,,,,,,,,,,,,,,,,,,,,,,,,,,
50,2,2.02,2.04,2.06,2.08,2.1,2.12,2.14,2.16,2.18,2.2,2.22,2.24,2.26,2.28,2.3,2.32,2.34,2.36,2.38,2.4,2.42,2.44,2.46,2.48,2.5,2.52,2.54,2.56,2.58,2.6,2.62,2.64,2.66,2.68,2.7,2.72,2.74,2.76,2.78,2.8,2.82,2.84,2.86,2.88,2.9,2.92,2.94,2.96,2.98
50,2,1,1,1,1,2,1,1,1,1,2,1,1,1,1,2,1,1,1,1,2,1,1,1,1,2,1,1,1,1,2,1,1,1,1,2,1,1,1,1,2,1,1,1,1,2,1,1,1,1
50,3,3.02,3.04,3.06,3.08,3.1,3.12,3.14,3.16,3.18,3.2,3.22,3.24,3.26,3.28,3.3,3.32,3.34,3.36,3.38,3.4,3.42,3.44,3.46,3.48,3.5,3.52,3.54,3.56,3.58,3.6,3.62,3.64,3.66,3.68,3.7,3.72,3.74,3.76,3.78,3.8,3.82,3.84,3.86,3.88,3.9,3.92,3.94,3.96,3.98
50,2,1,1,1,1,2,1,1,1,1,2,1,1,1,1,2,1,1,1,1,2,1,1,1,1,2,1,1,1,1,2,1,1,1,1,2,1,1,1,1,2,1,1,1,1,2,1,1,1,1
50,4,4.02,4.04,4.06,4.08,4.1,4.12,4.14,4.16,4.18,4.2,4.22,4.24,4.26,4.28,4.3,4.32,4.34,4.36,4.38,4.4,4.42,4.44,4.46,4.48,4.5,4.52,4.54,4.56,4.58,4.6,4.62,4.64,4.66,4.68,4.7,4.72,4.74,4.76,4.78,4.8,4.82,4.84,4.86,4.88,4.9,4.92,4.94,4.96,4.98
50,2,1,1,1,1,2,1,1,1,1,2,1,1,1,1,2,1,1,1,1,2,1,1,1,1,2,1,1,1,1,2,1,1,1,1,2,1,1,1,1,2,1,1,1,1,2,1,1,1,1
20,5,5.05,5.1,5.15,5.2,5.25,5.3,5.35,5.4,5.45,5.5,5.55,5.6,5.65,5.7,5.75,5.8,5.85,5.9,5.95,,,,,,,,,,,,,,,,,,,,,,,,,,,,,,
20,2,1,2,1,2,1,2,1,2,1,2,1,2,1,2,1,2,1,2,1,,,,,,,,,,,,,,,,,,,,,,,,,,,,,,
20,6,6.05,6.1,6.15,6.2,6.25,6.3,6.35,6.4,6.45,6.5,6.55,6.6,6.65,6.7,6.75,6.8,6.85,6.9,6.95,,,,,,,,,,,,,,,,,,,,,,,,,,,,,,
20,2,1,2,1,2,1,2,1,2,1,2,1,2,1,2,1,2,1,2,1,,,,,,,,,,,,,,,,,,,,,,,,,,,,,,
20,7,7.05,7.1,7.15,7.2,7.25,7.3,7.35,7.4,7.45,7.5,7.55,7.6,7.65,7.7,7.75,7.8,7.85,7.9,7.95,,,,,,,,,,,,,,,,,,,,,,,,,,,,,,
20,2,1,2,1,2,1,2,1,2,1,2,1,2,1,2,1,2,1,2,1,,,,,,,,,,,,,,,,,,,,,,,,,,,,,,
20,8,8.05,8.1,8.15,8.2,8.25,8.3,8.35,8.4,8.45,8.5,8.55,8.6,8.65,8.7,8.75,8.8,8.85,8.9,8.95,,,,,,,,,,,,,,,,,,,,,,,,,,,,,,
20,2,1,2,1,2,1,2,1,2,1,2,1,2,1,2,1,2,1,2,1,,,,,,,,,,,,,,,,,,,,,,,,,,,,,,
20,9,9.05,9.1,9.15,9.2,9.25,9.3,9.35,9.4,9.45,9.5,9.55,9.6,9.65,9.7,9.75,9.8,9.85,9.9,9.95,,,,,,,,,,,,,,,,,,,,,,,,,,,,,,
20,2,1,2,1,2,1,2,1,2,1,2,1,2,1,2,1,2,1,2,1,,,,,,,,,,,,,,,,,,,,,,,,,,,,,,
